Workbook

Sheet GPG_Combined
A1: Organisation | B1: EmployerName | C1: Sector | D1: Profit | E1: HQ | F1: GE_work | G1: Snr mgmt score | H1: Board score | I1: CEO: Gender | J1: Board chair: Gender | K1: ReportStatus | L1: NumberOfEmployees | M1: OrgSize_cat | N1: GenderPayGap_HourlyPay_Mean_Percent | O1: GenderPayGap_HourlyPay_Median_Percent | P1: GenderPayGap_BonusPay_Mean_Percent | Q1: GenderPayGap_BonusPay_Median_Percent | R1: Year | S1: ID
A2: AB InBev | B2: AB INBEV UK LIMITED | C2: PRIVATE SECTOR | D2: For profit | E2: Leuven, Belgium | F2: G | G2: R | H2: R | I2: Man | J2: Man | K2: Submitted | L2: 1000 to 4999 | M2: 4 | N2: -11.44 | O2: -12.35 | P2: -40.5 | Q2: -270.34 | R2: 45292 | S2: {=IFERROR(MATCH(A2&R2, INDEX($A$2:$A$327&$R$2:$R$327,0), 0), "")} -> 1
A3: AbbVie | B3: ABBVIE LTD | C3: PRIVATE SECTOR | D3: For profit | E3: North Chicago, Illinois, United States | F3: G+ | G3: R | H3: A | I3: Man | J3: Man | K3: Submitted | L3: 1000 to 4999 | M3: 4 | N3: 18.4 | O3: 15.41 | P3: 50.91 | Q3: 30.18 | R3: 45292 | S3: {=IFERROR(MATCH(A3&R3, INDEX($A$2:$A$327&$R$2:$R$327,0), 0), "")} -> 2
A4: Accenture | B4: ACCENTURE (UK) LIMITED | C4: CONSULTANCY | D4: For profit | E4: Dublin, Ireland | F4: G | G4: R | H4: G | I4: Woman | J4: Woman | K4: Submitted | L4: 5000 to 19,999 | M4: 5 | N4: 17.7 | O4: 18.2 | P4: 42.6 | Q4: 20.6 | R4: 45292 | S4: {=IFERROR(MATCH(A4&R4, INDEX($A$2:$A$327&$R$2:$R$327,0), 0), "")} -> 3
A5: Becton, Dickinson and Company | B5: BECTON, DICKINSON U.K. LIMITED | C5: PRIVATE SECTOR | D5: For profit | E5: Franklin Lakes, New Jersey, United States | F5: G+ | G5: R | H5: A | I5: Man | J5: Man | K5: Submitted | L5: 1000 to 4999 | M5: 4 | N5: 0.8 | O5: -2.3 | P5: -14.1 | Q5: -71.6 | R5: 45292 | S5: {=IFERROR(MATCH(A5&R5, INDEX($A$2:$A$327&$R$2:$R$327,0), 0), "")} -> 4
A6: BP | B6: BP P.L.C. | C6: PRIVATE SECTOR | D6: For profit | F6: G+ | G6: G | H6: G | I6: Man | J6: Man | K6: Submitted | L6: 1000 to 4999 | M6: 4 | N6: 11.5 | O6: 13.7 | P6: 47.4 | Q6: 28.6 | R6: 45292 | S6: {=IFERROR(MATCH(A6&R6, INDEX($A$2:$A$327&$R$2:$R$327,0), 0), "")} -> 5
A7: Bristol-Myers Squibb | B7: BRISTOL-MYERS SQUIBB PHARMACEUTICALS LIMITED | C7: PRIVATE SECTOR | D7: For profit | E7: New York, United States | F7: A | G7: A | H7: A | I7: Man | J7: Man | K7: Submitted | L7: 250 to 499 | M7: 2 | N7: 13.1 | O7: 8.6 | P7: 25.1 | Q7: 26.5 | R7: 45292 | S7: {=IFERROR(MATCH(A7&R7, INDEX($A$2:$A$327&$R$2:$R$327,0), 0), "")} -> 6
A8: Coca-Cola | B8: COCA-COLA EUROPACIFIC PARTNERS GREAT BRITAIN LIMITED | C8: PRIVATE SECTOR | D8: For profit | E8: Atlanta, Georgia, United States | F8: G+ | G8: A | H8: G | I8: Man | J8: Man | K8: Submitted | L8: 1000 to 4999 | M8: 4 | N8: -7 | O8: 0.4 | P8: -23.5 | Q8: -66.8 | R8: 45292 | S8: {=IFERROR(MATCH(A8&R8, INDEX($A$2:$A$327&$R$2:$R$327,0), 0), "")} -> 7
A9: Deloitte | B9: DELOITTE MCS LIMITED | C9: CONSULTANCY | D9: For profit | E9: New York, United States | F9: G+ | G9: G | H9: A | I9: Man | J9: Woman | K9: Submitted | L9: 5000 to 19,999 | M9: 5 | N9: 13.5 | O9: 14.7 | P9: 50.2 | Q9: 30.8 | R9: 45292 | S9: {=IFERROR(MATCH(A9&R9, INDEX($A$2:$A$327&$R$2:$R$327,0), 0), "")} -> 8
A10: dsm-firmenich (formerly DSM) | B10: DSM NUTRITIONAL PRODUCTS (UK) LIMITED | C10: PRIVATE SECTOR | D10: For profit | E10: Heerlen, Netherlands | F10: G+ | G10: R | H10: A | I10: Man | J10: Man | K10: Submitted | L10: 250 to 499 | M10: 2 | N10: 1.3 | O10: 7 | P10: 1 | Q10: 9.8 | R10: 45292 | S10: {=IFERROR(MATCH(A10&R10, INDEX($A$2:$A$327&$R$2:$R$327,0), 0), "")} -> 9
A11: Eli Lilly and Company | B11: ELI LILLY AND COMPANY LIMITED | C11: PRIVATE SECTOR | D11: For profit | E11: Indianapolis, Indiana, United States | F11: G+ | G11: R | H11: A | I11: Man | J11: Man | K11: Submitted | L11: 500 to 999 | M11: 3 | N11: 11.5 | O11: 9.2 | P11: 12 | Q11: 16.6 | R11: 45292 | S11: {=IFERROR(MATCH(A11&R11, INDEX($A$2:$A$327&$R$2:$R$327,0), 0), "")} -> 10
A12: ExxonMobil | B12: EXXONMOBIL CHEMICAL LIMITED | C12: PRIVATE SECTOR | D12: For profit | E12: Irving, Texas, United States | F12: G | G12: R | H12: R | I12: Man | J12: Man | K12: Submitted | L12: 500 to 999 | M12: 3 | N12: 5.2 | O12: 11.2 | P12: 9.2 | Q12: 19 | R12: 45292 | S12: {=IFERROR(MATCH(A12&R12, INDEX($A$2:$A$327&$R$2:$R$327,0), 0), "")} -> 11
A13: Foreign, Commonwealth & Development Office | B13: Foreign, Commonwealth and Development Office | C13: BILATERALS AND GLOBAL MULTILATERALS | D13: Non-profit | E13: London, United Kingdom | F13: G | G13: G | H13: R | I13: Man | J13: Man | K13: Submitted | L13: 5000 to 19,999 | M13: 5 | N13: 2.5 | O13: 2.7 | P13: 9.1 | Q13: 0 | R13: 45292 | S13: {=IFERROR(MATCH(A13&R13, INDEX($A$2:$A$327&$R$2:$R$327,0), 0), "")} -> 12
A14: Gilead | B14: GILEAD SCIENCES EUROPE LTD. | C14: PRIVATE SECTOR | D14: For profit | E14: Foster City, California, United States | F14: G+ | G14: G | H14: R | I14: Man | J14: Man | K14: Submitted | L14: 500 to 999 | M14: 3 | N14: 21.9 | O14: 28.2 | P14: 42.2 | Q14: 59.1 | R14: 45292 | S14: {=IFERROR(MATCH(A14&R14, INDEX($A$2:$A$327&$R$2:$R$327,0), 0), "")} -> 13
A15: GlaxoSmithKline (GSK) | B15: GLAXOSMITHKLINE SERVICES UNLIMITED | C15: PRIVATE SECTOR | D15: For profit | E15: Brentford, United Kingdom | F15: G | G15: G | H15: G | I15: Woman | J15: Man | K15: Submitted | L15: 5000 to 19,999 | M15: 5 | N15: -0.9 | O15: -4.4 | P15: 4.1 | Q15: -8.3 | R15: 45292 | S15: {=IFERROR(MATCH(A15&R15, INDEX($A$2:$A$327&$R$2:$R$327,0), 0), "")} -> 14
A16: GSMA | B16: GSM ASSOCIATION | C16: PRIVATE SECTOR | D16: For profit | E16: London, United Kingdom | F16: G+ | G16: R | H16: R | I16: Man | J16: Man | K16: Submitted | L16: 250 to 499 | M16: 2 | N16: 18.2 | O16: 15.9 | P16: 46.2 | Q16: 25 | R16: 45292 | S16: {=IFERROR(MATCH(A16&R16, INDEX($A$2:$A$327&$R$2:$R$327,0), 0), "")} -> 15
A17: Heineken | B17: HEINEKEN UK LIMITED | C17: PRIVATE SECTOR | D17: For profit | E17: Amsterdam, Netherlands | F17: G+ | G17: R | H17: G | I17: Man | J17: Man | K17: Submitted | L17: 1000 to 4999 | M17: 4 | N17: 1.8 | O17: -4.4 | P17: 23 | Q17: -2.5 | R17: 45292 | S17: {=IFERROR(MATCH(A17&R17, INDEX($A$2:$A$327&$R$2:$R$327,0), 0), "")} -> 16
A18: Intel | B18: INTEL CORPORATION (UK) LIMITED | C18: PRIVATE SECTOR | D18: For profit | E18: Santa Clara, California, United States | F18: NF | G18: A | H18: A | I18: Man | J18: Man | K18: Submitted | L18: 250 to 499 | M18: 2 | N18: 21 | O18: 25.3 | P18: 15.7 | Q18: 43.8 | R18: 45292 | S18: {=IFERROR(MATCH(A18&R18, INDEX($A$2:$A$327&$R$2:$R$327,0), 0), "")} -> 17
... A49: Becton, Dickinson and Company | B49: BECTON, DICKINSON U.K. LIMITED | C49: PRIVATE SECTOR | D49: For profit | E49: Franklin Lakes, New Jersey, United States | F49: G | G49: R | H49: R | I49: Man | J49: Man | K49: Submitted | L49: 1000 to 4999 | M49: 4 | N49: 3.5 | O49: -1.2 | P49: -1.1 | Q49: -54.75 | R49: 44927 | S49: {=IFERROR(MATCH(A49&R49, INDEX($A$2:$A$327&$R$2:$R$327,0), 0), "")} -> 48
A50: BP | B50: BP P.L.C. | C50: PRIVATE SECTOR | D50: For profit | F50: G+ | G50: P | H50: G | I50: Man | J50: Man | K50: Submitted | L50: 1000 to 4999 | M50: 4 | N50: 12.9 | O50: 14.1 | P50: 49 | Q50: 30.3 | R50: 44927 | S50: {=IFERROR(MATCH(A50&R50, INDEX($A$2:$A$327&$R$2:$R$327,0), 0), "")} -> 49
A51: Bristol-Myers Squibb | B51: BRISTOL-MYERS SQUIBB PHARMACEUTICALS LIMITED | C51: PRIVATE SECTOR | D51: For profit | E51: New York, United States | F51: G+ | G51: G | H51: R | I51: Man | J51: Man | K51: Submitted | L51: 250 to 499 | M51: 2 | N51: 13.8 | O51: 10.9 | P51: 24.7 | Q51: 18.1 | R51: 44927 | S51: {=IFERROR(MATCH(A51&R51, INDEX($A$2:$A$327&$R$2:$R$327,0), 0), "")} -> 50
A52: Coca-Cola | B52: COCA-COLA EUROPACIFIC PARTNERS GREAT BRITAIN LIMITED | C52: PRIVATE SECTOR | D52: For profit | E52: Atlanta, Georgia, United States | F52: G+ | G52: G | H52: G | I52: Man | J52: Man | K52: Submitted | L52: 1000 to 4999 | M52: 4 | N52: -5.8 | O52: -0.5 | P52: -19.9 | Q52: -42.9 | R52: 44927 | S52: {=IFERROR(MATCH(A52&R52, INDEX($A$2:$A$327&$R$2:$R$327,0), 0), "")} -> 51
A53: Deloitte | B53: DELOITTE MCS LIMITED | C53: CONSULTANCY | D53: For profit | E53: New York, United States | F53: G+ | G53: G | H53: A | I53: Man | J53: Woman | K53: Submitted | L53: 5000 to 19,999 | M53: 5 | N53: 15.5 | O53: 13.4 | P53: 45.6 | Q53: 24.7 | R53: 44927 | S53: {=IFERROR(MATCH(A53&R53, INDEX($A$2:$A$327&$R$2:$R$327,0), 0), "")} -> 52
A54: dsm-firmenich (formerly DSM) | B54: DSM NUTRITIONAL PRODUCTS (UK) LIMITED | C54: PRIVATE SECTOR | D54: For profit | E54: Heerlen, Netherlands | F54: G+ | G54: R | H54: G | I54: Man | J54: Man | K54: Submitted | L54: 250 to 499 | M54: 2 | N54: 2.4 | O54: 1.6 | P54: 3.3 | Q54: -35.9 | R54: 44927 | S54: {=IFERROR(MATCH(A54&R54, INDEX($A$2:$A$327&$R$2:$R$327,0), 0), "")} -> 53
A55: Eli Lilly and Company | B55: ELI LILLY AND COMPANY LIMITED | C55: PRIVATE SECTOR | D55: For profit | E55: Indianapolis, Indiana, United States | F55: G | G55: R | H55: A | I55: Man | J55: Man | K55: Submitted | L55: 500 to 999 | M55: 3 | N55: 12.3 | O55: 11 | P55: 11.2 | Q55: 16.2 | R55: 44927 | S55: {=IFERROR(MATCH(A55&R55, INDEX($A$2:$A$327&$R$2:$R$327,0), 0), "")} -> 54
A56: ExxonMobil | B56: EXXONMOBIL CHEMICAL LIMITED | C56: PRIVATE SECTOR | D56: For profit | E56: Irving, Texas, United States | F56: G | G56: R | H56: R | I56: Man | J56: Man | K56: Submitted | L56: 500 to 999 | M56: 3 | N56: -1.24 | O56: 4.76 | P56: -7.29 | Q56: 12.98 | R56: 44927 | S56: {=IFERROR(MATCH(A56&R56, INDEX($A$2:$A$327&$R$2:$R$327,0), 0), "")} -> 55
A57: Foreign, Commonwealth & Development Office | B57: Foreign, Commonwealth and Development Office | C57: BILATERALS AND GLOBAL MULTILATERALS | D57: Non-profit | E57: London, United Kingdom | F57: NF | G57: G | H57: R | I57: Man | J57: Man | K57: Submitted | L57: 5000 to 19,999 | M57: 5 | N57: 4 | O57: 8.7 | P57: 16 | Q57: 22.9 | R57: 44927 | S57: {=IFERROR(MATCH(A57&R57, INDEX($A$2:$A$327&$R$2:$R$327,0), 0), "")} -> 56
A58: Gilead | B58: GILEAD SCIENCES EUROPE LTD. | C58: PRIVATE SECTOR | D58: For profit | E58: Foster City, California, United States | F58: G+ | G58: G | H58: R | I58: Man | J58: Man | K58: Submitted | L58: 500 to 999 | M58: 3 | N58: 26.3 | O58: 28.3 | P58: 49.7 | Q58: 72.9 | R58: 44927 | S58: {=IFERROR(MATCH(A58&R58, INDEX($A$2:$A$327&$R$2:$R$327,0), 0), "")} -> 57
A59: GlaxoSmithKline (GSK) | B59: GLAXOSMITHKLINE SERVICES UNLIMITED | C59: PRIVATE SECTOR | D59: For profit | E59: Brentford, United Kingdom | F59: G+ | G59: G | H59: A | I59: Woman | J59: Man | K59: Submitted | L59: 5000 to 19,999 | M59: 5 | N59: -0.2 | O59: -3.9 | P59: 1.9 | Q59: -4 | R59: 44927 | S59: {=IFERROR(MATCH(A59&R59, INDEX($A$2:$A$327&$R$2:$R$327,0), 0), "")} -> 58
A60: GSMA | B60: GSM ASSOCIATION | C60: PRIVATE SECTOR | D60: For profit | E60: London, United Kingdom | F60: G | G60: G | H60: R | I60: Man | J60: Man | K60: Submitted | L60: 250 to 499 | M60: 2 | N60: 17.4 | O60: 16.7 | P60: 60.9 | Q60: 42 | R60: 44927 | S60: {=IFERROR(MATCH(A60&R60, INDEX($A$2:$A$327&$R$2:$R$327,0), 0), "")} -> 59
A61: Heineken | B61: HEINEKEN UK LIMITED | C61: PRIVATE SECTOR | D61: For profit | E61: Amsterdam, Netherlands | F61: G+ | G61: R | H61: R | I61: Man | J61: Man | K61: Submitted | L61: 1000 to 4999 | M61: 4 | N61: 3.8 | O61: 2.6 | P61: 20.5 | Q61: 7.7 | R61: 44927 | S61: {=IFERROR(MATCH(A61&R61, INDEX($A$2:$A$327&$R$2:$R$327,0), 0), "")} -> 60
A62: Intel | B62: INTEL CORPORATION (UK) LIMITED | C62: PRIVATE SECTOR | D62: For profit | E62: Santa Clara, California, United States | F62: G | G62: A | H62: A | I62: Man | J62: Man | K62: Submitted | L62: 250 to 499 | M62: 2 | N62: 28.7 | O62: 29.6 | P62: 46.4 | Q62: 51.3 | R62: 44927 | S62: {=IFERROR(MATCH(A62&R62, INDEX($A$2:$A$327&$R$2:$R$327,0), 0), "")} -> 61
... A92: Becton, Dickinson and Company | B92: BECTON, DICKINSON U.K. LIMITED | C92: PRIVATE SECTOR | D92: For profit | E92: Franklin Lakes, New Jersey, United States | F92: G | G92: R | H92: R | I92: Man | J92: Man | K92: Submitted | L92: 1000 to 4999 | M92: 4 | N92: 1.3 | O92: 1.4 | P92: 0.5 | Q92: -17.3 | R92: 44562 | S92: {=IFERROR(MATCH(A92&R92, INDEX($A$2:$A$327&$R$2:$R$327,0), 0), "")} -> 91
A93: BP | B93: BP P.L.C. | C93: PRIVATE SECTOR | D93: For profit | F93: G | G93: G | H93: A | I93: Man | J93: Man | K93: Submitted | L93: 1000 to 4999 | M93: 4 | N93: 14.9 | O93: 14.1 | P93: 50 | Q93: 28 | R93: 44562 | S93: {=IFERROR(MATCH(A93&R93, INDEX($A$2:$A$327&$R$2:$R$327,0), 0), "")} -> 92
A94: Bristol-Myers Squibb | B94: BRISTOL-MYERS SQUIBB PHARMACEUTICALS LIMITED | C94: PRIVATE SECTOR | D94: For profit | E94: New York, United States | F94: G | G94: P | H94: A | I94: Man | J94: Man | K94: Submitted | L94: 250 to 499 | M94: 2 | N94: 4.01 | O94: 2.47 | P94: 4.75 | Q94: 2.16 | R94: 44562 | S94: {=IFERROR(MATCH(A94&R94, INDEX($A$2:$A$327&$R$2:$R$327,0), 0), "")} -> 93
A95: Coca-Cola | B95: COCA-COLA EUROPACIFIC PARTNERS GREAT BRITAIN LIMITED | C95: PRIVATE SECTOR | D95: For profit | E95: Atlanta, Georgia, United States | F95: G | G95: R | H95: G | I95: Man | J95: Man | K95: Submitted | L95: 1000 to 4999 | M95: 4 | N95: 1.7 | O95: 7.3 | P95: -2.2 | Q95: -43.2 | R95: 44562 | S95: {=IFERROR(MATCH(A95&R95, INDEX($A$2:$A$327&$R$2:$R$327,0), 0), "")} -> 94
A96: Deloitte | B96: DELOITTE MCS LIMITED | C96: CONSULTANCY | D96: For profit | E96: New York, United States | F96: G | G96: G | H96: G | I96: Man | J96: Woman | K96: Submitted | L96: 5000 to 19,999 | M96: 5 | N96: 17.3 | O96: 14.8 | P96: 41.1 | Q96: 23.1 | R96: 44562 | S96: {=IFERROR(MATCH(A96&R96, INDEX($A$2:$A$327&$R$2:$R$327,0), 0), "")} -> 95
A97: dsm-firmenich (formerly DSM) | B97: DSM NUTRITIONAL PRODUCTS (UK) LIMITED | C97: PRIVATE SECTOR | D97: For profit | E97: Heerlen, Netherlands | F97: G | G97: G | H97: G | I97: Man & Woman | J97: Man | K97: Submitted | L97: 250 to 499 | M97: 2 | N97: -8.6 | O97: 1.3 | P97: 11 | Q97: 11.4 | R97: 44562 | S97: {=IFERROR(MATCH(A97&R97, INDEX($A$2:$A$327&$R$2:$R$327,0), 0), "")} -> 96
A98: Eli Lilly and Company | B98: ELI LILLY AND COMPANY LIMITED | C98: PRIVATE SECTOR | D98: For profit | E98: Indianapolis, Indiana, United States | F98: G | G98: R | H98: A | I98: Man | J98: Man | K98: Submitted | L98: 500 to 999 | M98: 3 | N98: 11.2 | O98: 10.7 | P98: 8.2 | Q98: 12.9 | R98: 44562 | S98: {=IFERROR(MATCH(A98&R98, INDEX($A$2:$A$327&$R$2:$R$327,0), 0), "")} -> 97
A99: ExxonMobil | B99: EXXONMOBIL CHEMICAL LIMITED | C99: PRIVATE SECTOR | D99: For profit | E99: Irving, Texas, United States | F99: G | G99: R | H99: R | I99: Man | J99: Man | K99: Submitted | L99: 500 to 999 | M99: 3 | N99: 7.2 | O99: 9.8 | P99: -1.3 | Q99: -15.1 | R99: 44562 | S99: {=IFERROR(MATCH(A99&R99, INDEX($A$2:$A$327&$R$2:$R$327,0), 0), "")} -> 98
A100: Foreign, Commonwealth & Development Office | B100: Foreign, Commonwealth and Development Office | C100: BILATERALS AND GLOBAL MULTILATERALS | D100: Non-profit | E100: London, United Kingdom | F100: G | G100: R | H100: R | I100: Man | J100: Man | K100: Submitted | L100: 5000 to 19,999 | M100: 5 | N100: 4.7 | O100: 9.1 | P100: 20.3 | Q100: 22.2 | R100: 44562 | S100: {=IFERROR(MATCH(A100&R100, INDEX($A$2:$A$327&$R$2:$R$327,0), 0), "")} -> 99
A101: Gilead | B101: GILEAD SCIENCES EUROPE LTD. | C101: PRIVATE SECTOR | D101: For profit | E101: Foster City, California, United States | F101: G | G101: G | H101: R | I101: Man | J101: Man | K101: Submitted | L101: 250 to 499 | M101: 2 | N101: 25.6 | O101: 19.3 | P101: 46.3 | Q101: 50.6 | R101: 44562 | S101: {=IFERROR(MATCH(A101&R101, INDEX($A$2:$A$327&$R$2:$R$327,0), 0), "")} -> 100
A102: GlaxoSmithKline (GSK) | B102: GLAXOSMITHKLINE SERVICES UNLIMITED | C102: PRIVATE SECTOR | D102: For profit | E102: Brentford, United Kingdom | F102: G | G102: A | H102: R | I102: Woman | J102: Man | K102: Submitted | L102: 5000 to 19,999 | M102: 5 | N102: -1.1 | O102: -4.6 | P102: 2.4 | Q102: -13.2 | R102: 44562 | S102: {=IFERROR(MATCH(A102&R102, INDEX($A$2:$A$327&$R$2:$R$327,0), 0), "")} -> 101
A103: GSMA | B103: GSM ASSOCIATION | C103: PRIVATE SECTOR | D103: For profit | E103: London, United Kingdom | F103: G | G103: R | H103: R | I103: Man | J103: Man | K103: Submitted | L103: 250 to 499 | M103: 2 | N103: 22.7 | O103: 21.5 | P103: 53.5 | Q103: 22.7 | R103: 44562 | S103: {=IFERROR(MATCH(A103&R103, INDEX($A$2:$A$327&$R$2:$R$327,0), 0), "")} -> 102
A104: Heineken | B104: HEINEKEN UK LIMITED | C104: PRIVATE SECTOR | D104: For profit | E104: Amsterdam, Netherlands | F104: G | G104: R | H104: A | I104: Man | J104: Man | K104: Submitted | L104: 1000 to 4999 | M104: 4 | N104: 2.46 | O104: -6.18 | P104: 17.2 | Q104: 23.26 | R104: 44562 | S104: {=IFERROR(MATCH(A104&R104, INDEX($A$2:$A$327&$R$2:$R$327,0), 0), "")} -> 103
A105: Intel | B105: INTEL CORPORATION (UK) LIMITED | C105: PRIVATE SECTOR | D105: For profit | E105: Santa Clara, California, United States | F105: G | G105: A | H105: A | I105: Man | J105: Man | K105: Submitted | L105: 500 to 999 | M105: 3 | N105: 25.6 | O105: 29 | P105: 45.4 | Q105: 50.6 | R105: 44562 | S105: {=IFERROR(MATCH(A105&R105, INDEX($A$2:$A$327&$R$2:$R$327,0), 0), "")} -> 104
... A134: Becton, Dickinson and Company | B134: BECTON, DICKINSON U.K. LIMITED | C134: PRIVATE SECTOR | D134: For profit | E134: Franklin Lakes, New Jersey, United States | F134: A | G134: R | H134: A | I134: Man | J134: Man | K134: Submitted | L134: 1000 to 4999 | M134: 4 | N134: 3.3 | O134: 3.6 | P134: -2.4 | Q134: -18 | R134: 44197 | S134: {=IFERROR(MATCH(A134&R134, INDEX($A$2:$A$327&$R$2:$R$327,0), 0), "")} -> 133
A135: BP | B135: BP P.L.C. | C135: PRIVATE SECTOR | D135: For profit | F135: G | G135: R | H135: A | I135: Man | J135: Man | K135: Submitted | L135: 1000 to 4999 | M135: 4 | N135: 19 | O135: 16.2 | P135: 54.9 | Q135: 36.3 | R135: 44197 | S135: {=IFERROR(MATCH(A135&R135, INDEX($A$2:$A$327&$R$2:$R$327,0), 0), "")} -> 134
A136: Bristol-Myers Squibb | B136: BRISTOL-MYERS SQUIBB PHARMACEUTICALS LIMITED | C136: PRIVATE SECTOR | D136: For profit | E136: New York, United States | F136: G | G136: A | H136: A | I136: Man | J136: Man | K136: Submitted | L136: 250 to 499 | M136: 2 | N136: 7.5 | O136: 1.1 | P136: 10.4 | Q136: -4.2 | R136: 44197 | S136: {=IFERROR(MATCH(A136&R136, INDEX($A$2:$A$327&$R$2:$R$327,0), 0), "")} -> 135
A137: Coca-Cola | B137: COCA-COLA EUROPACIFIC PARTNERS GREAT BRITAIN LIMITED | C137: PRIVATE SECTOR | D137: For profit | E137: Atlanta, Georgia, United States | F137: G | G137: A | H137: G | I137: Man | J137: Man | K137: Submitted | L137: 1000 to 4999 | M137: 4 | N137: -1.1 | O137: 4.5 | P137: 4.8 | Q137: 4.5 | R137: 44197 | S137: {=IFERROR(MATCH(A137&R137, INDEX($A$2:$A$327&$R$2:$R$327,0), 0), "")} -> 136
A138: Deloitte | B138: DELOITTE MCS LIMITED | C138: CONSULTANCY | D138: For profit | E138: New York, United States | F138: G | G138: G | H138: A | I138: Man | J138: Woman | K138: Submitted | L138: 5000 to 19,999 | M138: 5 | N138: 18.9 | O138: 21.9 | P138: 49.7 | Q138: 40 | R138: 44197 | S138: {=IFERROR(MATCH(A138&R138, INDEX($A$2:$A$327&$R$2:$R$327,0), 0), "")} -> 137
A139: dsm-firmenich (formerly DSM) | B139: DSM NUTRITIONAL PRODUCTS (UK) LIMITED | C139: PRIVATE SECTOR | D139: For profit | E139: Heerlen, Netherlands | F139: G | G139: G | H139: G | I139: Man & Woman | J139: Man | K139: Submitted | L139: 250 to 499 | M139: 2 | N139: -14.9 | O139: 8 | P139: 0 | Q139: -1.6 | R139: 44197 | S139: {=IFERROR(MATCH(A139&R139, INDEX($A$2:$A$327&$R$2:$R$327,0), 0), "")} -> 138
A140: Eli Lilly and Company | B140: ELI LILLY AND COMPANY LIMITED | C140: PRIVATE SECTOR | D140: For profit | E140: Indianapolis, Indiana, United States | F140: G | G140: R | H140: R | I140: Man | J140: Man | K140: Submitted | L140: 500 to 999 | M140: 3 | N140: 11.6 | O140: 9.4 | P140: 13.3 | Q140: 23.2 | R140: 44197 | S140: {=IFERROR(MATCH(A140&R140, INDEX($A$2:$A$327&$R$2:$R$327,0), 0), "")} -> 139
A141: ExxonMobil | B141: EXXONMOBIL CHEMICAL LIMITED | C141: PRIVATE SECTOR | D141: For profit | E141: Irving, Texas, United States | F141: G | G141: R | H141: R | I141: Man | J141: Man | K141: Submitted | L141: 500 to 999 | M141: 3 | N141: 5.7 | O141: 12.3 | P141: 29.3 | Q141: 7.4 | R141: 44197 | S141: {=IFERROR(MATCH(A141&R141, INDEX($A$2:$A$327&$R$2:$R$327,0), 0), "")} -> 140
A142: Foreign, Commonwealth & Development Office | B142: Foreign, Commonwealth and Development Office | C142: BILATERALS AND GLOBAL MULTILATERALS | D142: Non-profit | E142: London, United Kingdom | F142: G | G142: G | H142: P | I142: Man | J142: Woman | K142: Submitted | L142: 5000 to 19,999 | M142: 5 | N142: 5 | O142: 9.8 | P142: 23.6 | Q142: 25.4 | R142: 44197 | S142: {=IFERROR(MATCH(A142&R142, INDEX($A$2:$A$327&$R$2:$R$327,0), 0), "")} -> 141
A143: Gilead | B143: GILEAD SCIENCES EUROPE LTD. | C143: PRIVATE SECTOR | D143: For profit | E143: Foster City, California, United States | F143: G | G143: G | H143: R | I143: Man | J143: Man | K143: Submitted | L143: 250 to 499 | M143: 2 | N143: 23.3 | O143: 16.6 | P143: 50 | Q143: 51.9 | R143: 44197 | S143: {=IFERROR(MATCH(A143&R143, INDEX($A$2:$A$327&$R$2:$R$327,0), 0), "")} -> 142
A144: GlaxoSmithKline (GSK) | B144: GLAXOSMITHKLINE SERVICES UNLIMITED | C144: PRIVATE SECTOR | D144: For profit | E144: Brentford, United Kingdom | F144: G | G144: A | H144: A | I144: Woman | J144: Man | K144: Submitted | L144: 5000 to 19,999 | M144: 5 | N144: 1.3 | O144: -1.3 | P144: 7 | Q144: -1.3 | R144: 44197 | S144: {=IFERROR(MATCH(A144&R144, INDEX($A$2:$A$327&$R$2:$R$327,0), 0), "")} -> 143
A145: GSMA | B145: GSM ASSOCIATION | C145: PRIVATE SECTOR | D145: For profit | E145: London, United Kingdom | F145: G | G145: R | H145: R | I145: Man | J145: Man | K145: Submitted | L145: 250 to 499 | M145: 2 | N145: 23.1 | O145: 16.7 | P145: 76 | Q145: 36.7 | R145: 44197 | S145: {=IFERROR(MATCH(A145&R145, INDEX($A$2:$A$327&$R$2:$R$327,0), 0), "")} -> 144
A146: Heineken | B146: HEINEKEN UK LIMITED | C146: PRIVATE SECTOR | D146: For profit | E146: Amsterdam, Netherlands | F146: G | G146: R | H146: A | I146: Man | J146: Man | K146: Submitted | L146: 1000 to 4999 | M146: 4 | N146: 5.8 | O146: -1.3 | P146: 1.7 | Q146: -3.4 | R146: 44197 | S146: {=IFERROR(MATCH(A146&R146, INDEX($A$2:$A$327&$R$2:$R$327,0), 0), "")} -> 145
A147: Intel | B147: INTEL CORPORATION (UK) LIMITED | C147: PRIVATE SECTOR | D147: For profit | E147: Santa Clara, California, United States | F147: G | G147: R | H147: A | I147: Man | J147: Man | K147: Submitted | L147: 500 to 999 | M147: 3 | N147: 24.8 | O147: 31.9 | P147: 48.6 | Q147: 54.3 | R147: 44197 | S147: {=IFERROR(MATCH(A147&R147, INDEX($A$2:$A$327&$R$2:$R$327,0), 0), "")} -> 146
... A176: Becton, Dickinson and Company | B176: BECTON, DICKINSON U.K. LIMITED | C176: PRIVATE SECTOR | D176: For profit | E176: Franklin Lakes, New Jersey, United States | F176: G | G176: R | H176: R | I176: Man | J176: Man | K176: Submitted | L176: 1000 to 4999 | M176: 4 | N176: 2.6 | O176: 1.9 | P176: 0.6 | Q176: 1.9 | R176: 43831 | S176: {=IFERROR(MATCH(A176&R176, INDEX($A$2:$A$327&$R$2:$R$327,0), 0), "")} -> 175
A177: BP | B177: BP P.L.C. | C177: PRIVATE SECTOR | D177: For profit | F177: G | G177: R | H177: A | I177: Man | J177: Man | K177: Submitted | L177: 1000 to 4999 | M177: 4 | N177: 22.6 | O177: 19.4 | P177: 65.2 | Q177: 34.2 | R177: 43831 | S177: {=IFERROR(MATCH(A177&R177, INDEX($A$2:$A$327&$R$2:$R$327,0), 0), "")} -> 176
A178: Bristol-Myers Squibb | B178: BRISTOL-MYERS SQUIBB PHARMACEUTICALS LIMITED | C178: PRIVATE SECTOR | D178: For profit | E178: New York, United States | F178: G | G178: R | H178: A | I178: Man | J178: Man | K178: Submitted | L178: 250 to 499 | M178: 2 | N178: 6 | O178: 4.5 | P178: 12.9 | Q178: 27.4 | R178: 43831 | S178: {=IFERROR(MATCH(A178&R178, INDEX($A$2:$A$327&$R$2:$R$327,0), 0), "")} -> 177
A179: Coca-Cola | B179: COCA-COLA EUROPACIFIC PARTNERS GREAT BRITAIN LIMITED | C179: PRIVATE SECTOR | D179: For profit | E179: Atlanta, Georgia, United States | F179: G | G179: R | H179: A | I179: Man | J179: Man | K179: Submitted | L179: 1000 to 4999 | M179: 4 | N179: 0 | O179: 4.4 | P179: 10 | Q179: -4 | R179: 43831 | S179: {=IFERROR(MATCH(A179&R179, INDEX($A$2:$A$327&$R$2:$R$327,0), 0), "")} -> 178
A180: Deloitte | B180: DELOITTE MCS LIMITED | C180: CONSULTANCY | D180: For profit | E180: New York, United States | F180: G | G180: NF | H180: NF | I180: Man | J180: Woman | K180: Submitted | L180: 1000 to 4999 | M180: 4 | N180: 20.3 | O180: 18.6 | P180: 56.3 | Q180: 32 | R180: 43831 | S180: {=IFERROR(MATCH(A180&R180, INDEX($A$2:$A$327&$R$2:$R$327,0), 0), "")} -> 179
A181: dsm-firmenich (formerly DSM) | B181: DSM NUTRITIONAL PRODUCTS (UK) LIMITED | C181: PRIVATE SECTOR | D181: For profit | E181: Heerlen, Netherlands | F181: G | G181: A | H181: R | I181: Man | J181: Woman | K181: Submitted | L181: 250 to 499 | M181: 2 | N181: -3.1 | O181: 3.5 | P181: 7.8 | Q181: 14.6 | R181: 43831 | S181: {=IFERROR(MATCH(A181&R181, INDEX($A$2:$A$327&$R$2:$R$327,0), 0), "")} -> 180
A182: Eli Lilly and Company | B182: ELI LILLY AND COMPANY LIMITED | C182: PRIVATE SECTOR | D182: For profit | E182: Indianapolis, Indiana, United States | F182: G | G182: A | H182: A | I182: Man & Woman | J182: Man | K182: Submitted | L182: 500 to 999 | M182: 3 | N182: 11 | O182: 13.4 | P182: 12.4 | Q182: 33.4 | R182: 43831 | S182: {=IFERROR(MATCH(A182&R182, INDEX($A$2:$A$327&$R$2:$R$327,0), 0), "")} -> 181
A183: ExxonMobil | B183: EXXONMOBIL CHEMICAL LIMITED | C183: PRIVATE SECTOR | D183: For profit | E183: Irving, Texas, United States | F183: G | G183: G | H183: R | I183: Woman | J183: Man | K183: Submitted | L183: 500 to 999 | M183: 3 | N183: 8.6 | O183: 14.2 | P183: 24.3 | Q183: -32.8 | R183: 43831 | S183: {=IFERROR(MATCH(A183&R183, INDEX($A$2:$A$327&$R$2:$R$327,0), 0), "")} -> 182
A184: Foreign, Commonwealth & Development Office | B184: Department for International Development | C184: BILATERALS AND GLOBAL MULTILATERALS | D184: Non-profit | E184: London, United Kingdom | F184: G | G184: P | H184: G | I184: Man | J184: Man | K184: Submitted | L184: 1000 to 4999 | M184: 4 | N184: 5.9 | O184: 5.6 | P184: 4 | Q184: 0 | R184: 43831 | S184: {=IFERROR(MATCH(A184&R184, INDEX($A$2:$A$327&$R$2:$R$327,0), 0), "")} -> 183
A185: Gilead | B185: GILEAD SCIENCES EUROPE LTD. | C185: PRIVATE SECTOR | D185: For profit | E185: Foster City, California, United States | F185: G | G185: G | H185: R | I185: Man | J185: Man | K185: Submitted | L185: 250 to 499 | M185: 2 | N185: 22.8 | O185: 17.2 | P185: 59.2 | Q185: 40.9 | R185: 43831 | S185: {=IFERROR(MATCH(A185&R185, INDEX($A$2:$A$327&$R$2:$R$327,0), 0), "")} -> 184
A186: GlaxoSmithKline (GSK) | B186: GLAXOSMITHKLINE SERVICES UNLIMITED | C186: PRIVATE SECTOR | D186: For profit | E186: Brentford, United Kingdom | F186: G | G186: A | H186: G | I186: Woman | J186: Man | K186: Submitted | L186: 5000 to 19,999 | M186: 5 | N186: 1.8 | O186: -0.7 | P186: 4 | Q186: -9.6 | R186: 43831 | S186: {=IFERROR(MATCH(A186&R186, INDEX($A$2:$A$327&$R$2:$R$327,0), 0), "")} -> 185
A187: GSMA | B187: GSM ASSOCIATION | C187: PRIVATE SECTOR | D187: For profit | E187: London, United Kingdom | F187: G | G187: A | H187: R | I187: Man | J187: Man | K187: Submitted | L187: 250 to 499 | M187: 2 | N187: 22.7 | O187: 24.8 | P187: 30.5 | Q187: 31.8 | R187: 43831 | S187: {=IFERROR(MATCH(A187&R187, INDEX($A$2:$A$327&$R$2:$R$327,0), 0), "")} -> 186
A188: Heineken | B188: HEINEKEN UK LIMITED | C188: PRIVATE SECTOR | D188: For profit | E188: Amsterdam, Netherlands | F188: G | G188: R | H188: A | I188: Man | J188: Man | K188: Submitted | L188: 1000 to 4999 | M188: 4 | N188: 8.2 | O188: 0.8 | P188: 33.2 | Q188: 17.8 | R188: 43831 | S188: {=IFERROR(MATCH(A188&R188, INDEX($A$2:$A$327&$R$2:$R$327,0), 0), "")} -> 187
A189: Intel | B189: INTEL CORPORATION (UK) LIMITED | C189: PRIVATE SECTOR | D189: For profit | E189: Santa Clara, California, United States | F189: G | G189: R | H189: R | I189: Man | J189: Man | K189: Submitted | L189: 500 to 999 | M189: 3 | N189: 31.9 | O189: 35.6 | P189: 45.5 | Q189: 56 | R189: 43831 | S189: {=IFERROR(MATCH(A189&R189, INDEX($A$2:$A$327&$R$2:$R$327,0), 0), "")} -> 188
... A215: Accenture | B215: ACCENTURE (UK) LIMITED | C215: CONSULTANCY | D215: For profit | E215: Dublin, Ireland | F215: G | G215: R | H215: A | I215: Woman | J215: Man | K215: Submitted | L215: 5000 to 19,999 | M215: 5 | N215: 16.6 | O215: 9.8 | P215: 46.4 | Q215: 35.4 | R215: 43466 | S215: {=IFERROR(MATCH(A215&R215, INDEX($A$2:$A$327&$R$2:$R$327,0), 0), "")} -> 214
A216: BP | B216: BP P.L.C. | C216: PRIVATE SECTOR | D216: For profit | F216: G | G216: R | H216: A | I216: Man | J216: Man | K216: Submitted | L216: 1000 to 4999 | M216: 4 | N216: 21.6 | O216: 18.9 | P216: 65.8 | Q216: 41 | R216: 43466 | S216: {=IFERROR(MATCH(A216&R216, INDEX($A$2:$A$327&$R$2:$R$327,0), 0), "")} -> 215
A217: Coca-Cola | B217: COCA-COLA EUROPACIFIC PARTNERS GREAT BRITAIN LIMITED | C217: PRIVATE SECTOR | D217: For profit | E217: Atlanta, Georgia, United States | F217: G | G217: R | H217: G | I217: Man | J217: Man | K217: Submitted | L217: 1000 to 4999 | M217: 4 | N217: 0.8 | O217: 9.6 | P217: 8.1 | Q217: -23.7 | R217: 43466 | S217: {=IFERROR(MATCH(A217&R217, INDEX($A$2:$A$327&$R$2:$R$327,0), 0), "")} -> 216
A218: Deloitte | B218: DELOITTE MCS LIMITED | C218: CONSULTANCY | D218: For profit | E218: New York, United States | F218: G | G218: R | H218: R | I218: Man | J218: Woman | K218: Submitted | L218: 1000 to 4999 | M218: 4 | N218: 22.3 | O218: 17.3 | P218: 58.2 | Q218: 38.6 | R218: 43466 | S218: {=IFERROR(MATCH(A218&R218, INDEX($A$2:$A$327&$R$2:$R$327,0), 0), "")} -> 217
A219: dsm-firmenich (formerly DSM) | B219: DSM NUTRITIONAL PRODUCTS (UK) LIMITED | C219: PRIVATE SECTOR | D219: For profit | E219: Heerlen, Netherlands | F219: G | G219: R | H219: G | I219: Man | J219: Man | K219: Submitted | L219: 250 to 499 | M219: 2 | N219: -2.2 | O219: 6.2 | P219: 2 | Q219: 3.3 | R219: 43466 | S219: {=IFERROR(MATCH(A219&R219, INDEX($A$2:$A$327&$R$2:$R$327,0), 0), "")} -> 218
A220: Eli Lilly and Company | B220: ELI LILLY AND COMPANY LIMITED | C220: PRIVATE SECTOR | D220: For profit | E220: Indianapolis, Indiana, United States | F220: G | G220: A | H220: R | I220: Man | J220: Man | K220: Submitted | L220: 500 to 999 | M220: 3 | N220: 11.7 | O220: 12 | P220: 10.6 | Q220: 39.6 | R220: 43466 | S220: {=IFERROR(MATCH(A220&R220, INDEX($A$2:$A$327&$R$2:$R$327,0), 0), "")} -> 219
A221: ExxonMobil | B221: EXXONMOBIL CHEMICAL LIMITED | C221: PRIVATE SECTOR | D221: For profit | E221: Irving, Texas, United States | F221: G | G221: R | H221: R | I221: Man | J221: Man | K221: Submitted | L221: 500 to 999 | M221: 3 | N221: 8.6 | O221: 17.4 | P221: -102.4 | Q221: -41.8 | R221: 43466 | S221: {=IFERROR(MATCH(A221&R221, INDEX($A$2:$A$327&$R$2:$R$327,0), 0), "")} -> 220
A222: Foreign, Commonwealth & Development Office | B222: Department for International Development | C222: BILATERALS AND GLOBAL MULTILATERALS | D222: Non-profit | E222: London, United Kingdom | F222: G | G222: A | H222: R | I222: Man | J222: Man | K222: Submitted | L222: 1000 to 4999 | M222: 4 | N222: 7.2 | O222: 8.4 | P222: 3 | Q222: 0 | R222: 43466 | S222: {=IFERROR(MATCH(A222&R222, INDEX($A$2:$A$327&$R$2:$R$327,0), 0), "")} -> 221
A223: Gilead | B223: GILEAD SCIENCES EUROPE LTD. | C223: PRIVATE SECTOR | D223: For profit | E223: Foster City, California, United States | F223: G | G223: A | H223: R | I223: Man | J223: Man | K223: Submitted | L223: 250 to 499 | M223: 2 | N223: 29.6 | O223: 22.6 | P223: 57.4 | Q223: 69.5 | R223: 43466 | S223: {=IFERROR(MATCH(A223&R223, INDEX($A$2:$A$327&$R$2:$R$327,0), 0), "")} -> 222
A224: GlaxoSmithKline (GSK) | B224: GLAXOSMITHKLINE SERVICES UNLIMITED | C224: PRIVATE SECTOR | D224: For profit | E224: Brentford, United Kingdom | F224: G | G224: A | H224: G | I224: Woman | J224: Man | K224: Submitted | L224: 5000 to 19,999 | M224: 5 | N224: 3.2 | O224: 0.9 | P224: 4.1 | Q224: -6.5 | R224: 43466 | S224: {=IFERROR(MATCH(A224&R224, INDEX($A$2:$A$327&$R$2:$R$327,0), 0), "")} -> 223
A225: GSMA | B225: GSM ASSOCIATION | C225: PRIVATE SECTOR | D225: For profit | E225: London, United Kingdom | F225: G | G225: R | H225: R | I225: Man | J225: Man | K225: Submitted | L225: 250 to 499 | M225: 2 | N225: 25.7 | O225: 27.3 | P225: 36.1 | Q225: 29.1 | R225: 43466 | S225: {=IFERROR(MATCH(A225&R225, INDEX($A$2:$A$327&$R$2:$R$327,0), 0), "")} -> 224
A226: Heineken | B226: HEINEKEN UK LIMITED | C226: PRIVATE SECTOR | D226: For profit | E226: Amsterdam, Netherlands | F226: G | G226: R | H226: A | I226: Man | J226: Man | K226: Submitted | L226: 1000 to 4999 | M226: 4 | N226: 9 | O226: 2.5 | P226: 28.3 | Q226: 13.8 | R226: 43466 | S226: {=IFERROR(MATCH(A226&R226, INDEX($A$2:$A$327&$R$2:$R$327,0), 0), "")} -> 225
A227: Intel | B227: INTEL CORPORATION (UK) LIMITED | C227: PRIVATE SECTOR | D227: For profit | E227: Santa Clara, California, United States | F227: G | G227: R | H227: R | I227: Man | J227: Man | K227: Submitted | L227: 500 to 999 | M227: 3 | N227: 30 | O227: 36.4 | P227: 48.8 | Q227: 61.7 | R227: 43466 | S227: {=IFERROR(MATCH(A227&R227, INDEX($A$2:$A$327&$R$2:$R$327,0), 0), "")} -> 226
A228: IPG Health (formerly McCann Health) | B228: IPG HEALTH MEDICAL COMMUNICATIONS LIMITED | C228: PRIVATE SECTOR | D228: For profit | E228: New York, United States | F228: G | G228: A | H228: NF | I228: Man | J228: NF | K228: Submitted | L228: 250 to 499 | M228: 2 | N228: 4.5 | O228: 12.9 | P228: -1.7 | Q228: 15.6 | R228: 43466 | S228: {=IFERROR(MATCH(A228&R228, INDEX($A$2:$A$327&$R$2:$R$327,0), 0), "")} -> 227
... A252: Becton, Dickinson and Company | B252: BECTON, DICKINSON U.K. LIMITED | C252: PRIVATE SECTOR | D252: For profit | E252: Franklin Lakes, New Jersey, United States | F252: G | G252: R | H252: R | I252: Man | J252: Man | K252: Submitted | L252: 1000 to 4999 | M252: 4 | N252: 7.7 | O252: 6 | P252: 18.4 | Q252: 3.6 | R252: 43101 | S252: {=IFERROR(MATCH(A252&R252, INDEX($A$2:$A$327&$R$2:$R$327,0), 0), "")} -> 251
A253: BP | B253: BP P.L.C. | C253: PRIVATE SECTOR | D253: For profit | F253: G | G253: R | H253: R | I253: Man | J253: Man | K253: Submitted | L253: 1000 to 4999 | M253: 4 | N253: 24 | O253: 19.8 | P253: 65 | Q253: 38.8 | R253: 43101 | S253: {=IFERROR(MATCH(A253&R253, INDEX($A$2:$A$327&$R$2:$R$327,0), 0), "")} -> 252
A254: Bristol-Myers Squibb | B254: BRISTOL-MYERS SQUIBB PHARMACEUTICALS LIMITED | C254: PRIVATE SECTOR | D254: For profit | E254: New York, United States | F254: G | G254: R | H254: R | I254: Man | J254: Man | K254: Submitted | L254: 250 to 499 | M254: 2 | N254: 8.1 | O254: 6 | P254: 13.2 | Q254: 27.8 | R254: 43101 | S254: {=IFERROR(MATCH(A254&R254, INDEX($A$2:$A$327&$R$2:$R$327,0), 0), "")} -> 253
A255: Coca-Cola | B255: COCA-COLA EUROPACIFIC PARTNERS GREAT BRITAIN LIMITED | C255: PRIVATE SECTOR | D255: For profit | E255: Atlanta, Georgia, United States | F255: G | G255: A | H255: R | I255: Man | J255: Man | K255: Submitted | L255: 1000 to 4999 | M255: 4 | N255: 4.2 | O255: 8.9 | P255: 29.1 | Q255: -25.7 | R255: 43101 | S255: {=IFERROR(MATCH(A255&R255, INDEX($A$2:$A$327&$R$2:$R$327,0), 0), "")} -> 254
A256: Deloitte | B256: DELOITTE MCS LIMITED | C256: CONSULTANCY | D256: For profit | E256: New York, United States | F256: G | G256: R | H256: R | I256: Man | J256: Man | K256: Submitted | L256: 1000 to 4999 | M256: 4 | N256: 21.5 | O256: 19 | P256: 57.2 | Q256: 30 | R256: 43101 | S256: {=IFERROR(MATCH(A256&R256, INDEX($A$2:$A$327&$R$2:$R$327,0), 0), "")} -> 255
A257: dsm-firmenich (formerly DSM) | B257: DSM NUTRITIONAL PRODUCTS (UK) LIMITED | C257: PRIVATE SECTOR | D257: For profit | E257: Heerlen, Netherlands | F257: G | G257: G | H257: G | I257: Man | J257: Man | K257: Submitted | L257: 250 to 499 | M257: 2 | N257: -5.9 | O257: -4.3 | P257: 8 | Q257: 18.1 | R257: 43101 | S257: {=IFERROR(MATCH(A257&R257, INDEX($A$2:$A$327&$R$2:$R$327,0), 0), "")} -> 256
A258: Eli Lilly and Company | B258: ELI LILLY AND COMPANY LIMITED | C258: PRIVATE SECTOR | D258: For profit | E258: Indianapolis, Indiana, United States | F258: G | G258: A | H258: R | I258: Man | J258: Man | K258: Submitted | L258: 1000 to 4999 | M258: 4 | N258: 4.1 | O258: -0.9 | P258: 22.4 | Q258: 22.9 | R258: 43101 | S258: {=IFERROR(MATCH(A258&R258, INDEX($A$2:$A$327&$R$2:$R$327,0), 0), "")} -> 257
A259: ExxonMobil | B259: EXXONMOBIL CHEMICAL LIMITED | C259: PRIVATE SECTOR | D259: For profit | E259: Irving, Texas, United States | F259: G | G259: R | H259: R | I259: Man | J259: Man | K259: Submitted | L259: 500 to 999 | M259: 3 | N259: 12.7 | O259: 17.3 | P259: -20.4 | Q259: -9.9 | R259: 43101 | S259: {=IFERROR(MATCH(A259&R259, INDEX($A$2:$A$327&$R$2:$R$327,0), 0), "")} -> 258
A260: Foreign, Commonwealth & Development Office | B260: Department for International Development | C260: BILATERALS AND GLOBAL MULTILATERALS | D260: Non-profit | E260: London, United Kingdom | F260: G | G260: G | H260: A | I260: Man | J260: Woman | K260: Submitted | L260: 1000 to 4999 | M260: 4 | N260: 6.9 | O260: 9.1 | P260: 0.5 | Q260: 0 | R260: 43101 | S260: {=IFERROR(MATCH(A260&R260, INDEX($A$2:$A$327&$R$2:$R$327,0), 0), "")} -> 259
A261: Gilead | B261: GILEAD SCIENCES EUROPE LTD. | C261: PRIVATE SECTOR | D261: For profit | E261: Foster City, California, United States | F261: G | G261: A | H261: R | I261: Man | J261: Man | K261: Submitted | L261: 250 to 499 | M261: 2 | N261: 35.2 | O261: 34.1 | P261: 73.6 | Q261: 69.3 | R261: 43101 | S261: {=IFERROR(MATCH(A261&R261, INDEX($A$2:$A$327&$R$2:$R$327,0), 0), "")} -> 260
A262: GlaxoSmithKline (GSK) | B262: GLAXOSMITHKLINE SERVICES UNLIMITED | C262: PRIVATE SECTOR | D262: For profit | E262: Brentford, United Kingdom | F262: G | G262: R | H262: G | I262: Woman | J262: Man | K262: Submitted | L262: 5000 to 19,999 | M262: 5 | N262: 2.7 | O262: 1.3 | P262: 7.2 | Q262: -5.6 | R262: 43101 | S262: {=IFERROR(MATCH(A262&R262, INDEX($A$2:$A$327&$R$2:$R$327,0), 0), "")} -> 261
A263: GSMA | B263: GSM ASSOCIATION | C263: PRIVATE SECTOR | D263: For profit | E263: London, United Kingdom | F263: G | G263: R | H263: R | I263: Man | J263: Man | K263: Submitted | L263: 250 to 499 | M263: 2 | N263: 25.6 | O263: 29.6 | P263: 52.4 | Q263: 42.4 | R263: 43101 | S263: {=IFERROR(MATCH(A263&R263, INDEX($A$2:$A$327&$R$2:$R$327,0), 0), "")} -> 262
...

Sheet UK_Average
A1: Year | B1: GenderPayGap_UK_Average
A2: 42736 | B2: 18.4
A3: 43101 | B3: 17.8
A4: 43466 | B4: 17.4
A5: 43831 | B5: 14.9
A6: 44197 | B6: 15.1
A7: 44562 | B7: 14.4
A8: 44927 | B8: 14.2
A9: 45292 | B9: 13.1

Sheet GenderSplit_BonusPay
A1: WhoReceivesBonusPay | B1: Gender | C1: Year | D1: Organisation | E1: ID
A2: 71.2 | B2: Woman | C2: 45292 | D2: AB InBev | E2: {=IFERROR( MATCH( D2&C2, INDEX(GPG_Combined!$A$2:$A$327&GPG_Combined!$R$2:$R$327,0), 0 ), "")} -> 1
A3: 96 | B3: Woman | C3: 45292 | D3: AbbVie | E3: {=IFERROR( MATCH( D3&C3, INDEX(GPG_Combined!$A$2:$A$327&GPG_Combined!$R$2:$R$327,0), 0 ), "")} -> 2
A4: 89.8 | B4: Woman | C4: 45292 | D4: Accenture | E4: {=IFERROR( MATCH( D4&C4, INDEX(GPG_Combined!$A$2:$A$327&GPG_Combined!$R$2:$R$327,0), 0 ), "")} -> 3
A5: 95.2 | B5: Woman | C5: 45292 | D5: Becton, Dickinson and Company | E5: {=IFERROR( MATCH( D5&C5, INDEX(GPG_Combined!$A$2:$A$327&GPG_Combined!$R$2:$R$327,0), 0 ), "")} -> 4
A6: 90.3 | B6: Woman | C6: 45292 | D6: BP | E6: {=IFERROR( MATCH( D6&C6, INDEX(GPG_Combined!$A$2:$A$327&GPG_Combined!$R$2:$R$327,0), 0 ), "")} -> 5
A7: 97.7 | B7: Woman | C7: 45292 | D7: Bristol-Myers Squibb | E7: {=IFERROR( MATCH( D7&C7, INDEX(GPG_Combined!$A$2:$A$327&GPG_Combined!$R$2:$R$327,0), 0 ), "")} -> 6
A8: 94.5 | B8: Woman | C8: 45292 | D8: Coca-Cola | E8: {=IFERROR( MATCH( D8&C8, INDEX(GPG_Combined!$A$2:$A$327&GPG_Combined!$R$2:$R$327,0), 0 ), "")} -> 7
A9: 93.4 | B9: Woman | C9: 45292 | D9: Deloitte | E9: {=IFERROR( MATCH( D9&C9, INDEX(GPG_Combined!$A$2:$A$327&GPG_Combined!$R$2:$R$327,0), 0 ), "")} -> 8
A10: 50.9 | B10: Woman | C10: 45292 | D10: dsm-firmenich (formerly DSM) | E10: {=IFERROR( MATCH( D10&C10, INDEX(GPG_Combined!$A$2:$A$327&GPG_Combined!$R$2:$R$327,0), 0 ), "")} -> 9
A11: 88.5 | B11: Woman | C11: 45292 | D11: Eli Lilly and Company | E11: {=IFERROR( MATCH( D11&C11, INDEX(GPG_Combined!$A$2:$A$327&GPG_Combined!$R$2:$R$327,0), 0 ), "")} -> 10
A12: 26.4 | B12: Woman | C12: 45292 | D12: ExxonMobil | E12: {=IFERROR( MATCH( D12&C12, INDEX(GPG_Combined!$A$2:$A$327&GPG_Combined!$R$2:$R$327,0), 0 ), "")} -> 11
A13: 45.3 | B13: Woman | C13: 45292 | D13: Foreign, Commonwealth & Development Office | E13: {=IFERROR( MATCH( D13&C13, INDEX(GPG_Combined!$A$2:$A$327&GPG_Combined!$R$2:$R$327,0), 0 ), "")} -> 12
... A653: 12.6 | B653: Man | C653: 42736 | D653: World Vision | E653: {=IFERROR( MATCH( D653&C653, INDEX(GPG_Combined!$A$2:$A$327&GPG_Combined!$R$2:$R$327,0), 0 ), "")} -> 326

Sheet GenderSplit_PayLevel
A1: Gender_Split_Pay_Level | B1: Pay Quartile | C1: Gender | D1: Year | E1: Organisation | F1: Pay_Level_Order | G1: ID
A2: 22.45 | B2: Lower | C2: Woman | D2: 45292 | E2: AB InBev | F2: 1 | G2: {=IFERROR( MATCH( E2&D2, INDEX(GPG_Combined!$A$2:$A$327&GPG_Combined!$R$2:$R$327,0), 0 ), "")} -> 1
A3: 79 | B3: Lower | C3: Woman | D3: 45292 | E3: AbbVie | F3: 1 | G3: {=IFERROR( MATCH( E3&D3, INDEX(GPG_Combined!$A$2:$A$327&GPG_Combined!$R$2:$R$327,0), 0 ), "")} -> 2
A4: 51 | B4: Lower | C4: Woman | D4: 45292 | E4: Accenture | F4: 1 | G4: {=IFERROR( MATCH( E4&D4, INDEX(GPG_Combined!$A$2:$A$327&GPG_Combined!$R$2:$R$327,0), 0 ), "")} -> 3
A5: 47.73 | B5: Lower | C5: Woman | D5: 45292 | E5: Becton, Dickinson and Company | F5: 1 | G5: {=IFERROR( MATCH( E5&D5, INDEX(GPG_Combined!$A$2:$A$327&GPG_Combined!$R$2:$R$327,0), 0 ), "")} -> 4
A6: 56 | B6: Lower | C6: Woman | D6: 45292 | E6: BP | F6: 1 | G6: {=IFERROR( MATCH( E6&D6, INDEX(GPG_Combined!$A$2:$A$327&GPG_Combined!$R$2:$R$327,0), 0 ), "")} -> 5
A7: 72.6 | B7: Lower | C7: Woman | D7: 45292 | E7: Bristol-Myers Squibb | F7: 1 | G7: {=IFERROR( MATCH( E7&D7, INDEX(GPG_Combined!$A$2:$A$327&GPG_Combined!$R$2:$R$327,0), 0 ), "")} -> 6
A8: 35.6 | B8: Lower | C8: Woman | D8: 45292 | E8: Coca-Cola | F8: 1 | G8: {=IFERROR( MATCH( E8&D8, INDEX(GPG_Combined!$A$2:$A$327&GPG_Combined!$R$2:$R$327,0), 0 ), "")} -> 7
A9: 51 | B9: Lower | C9: Woman | D9: 45292 | E9: Deloitte | F9: 1 | G9: {=IFERROR( MATCH( E9&D9, INDEX(GPG_Combined!$A$2:$A$327&GPG_Combined!$R$2:$R$327,0), 0 ), "")} -> 8
A10: 35.6 | B10: Lower | C10: Woman | D10: 45292 | E10: dsm-firmenich (formerly DSM) | F10: 1 | G10: {=IFERROR( MATCH( E10&D10, INDEX(GPG_Combined!$A$2:$A$327&GPG_Combined!$R$2:$R$327,0), 0 ), "")} -> 9
A11: 73 | B11: Lower | C11: Woman | D11: 45292 | E11: Eli Lilly and Company | F11: 1 | G11: {=IFERROR( MATCH( E11&D11, INDEX(GPG_Combined!$A$2:$A$327&GPG_Combined!$R$2:$R$327,0), 0 ), "")} -> 10
A12: 19.7 | B12: Lower | C12: Woman | D12: 45292 | E12: ExxonMobil | F12: 1 | G12: {=IFERROR( MATCH( E12&D12, INDEX(GPG_Combined!$A$2:$A$327&GPG_Combined!$R$2:$R$327,0), 0 ), "")} -> 11
A13: 50.5 | B13: Lower | C13: Woman | D13: 45292 | E13: Foreign, Commonwealth & Development Office | F13: 1 | G13: {=IFERROR( MATCH( E13&D13, INDEX(GPG_Combined!$A$2:$A$327&GPG_Combined!$R$2:$R$327,0), 0 ), "")} -> 12
... A2601: 54.7 | B2601: Upper | C2601: Man | D2601: 42736 | E2601: World Vision | F2601: 4 | G2601: {=IFERROR( MATCH( E2601&D2601, INDEX(GPG_Combined!$A$2:$A$327&GPG_Combined!$R$2:$R$327,0), 0 ), "")} -> 326
